院校代码,院校,专业组代码,限制,投档线,位次
1021,北京大学,2,不限,700,117
1023,清华大学,2,物理,698,148
1021,北京大学,3,物理＋化学,690,354
1023,清华大学,3,物理＋化学,689,384
1021,北京大学,1,不限,688,423
1023,清华大学,1,不限,688,423
3112,上海交通大学,3,物理＋化学,687,448
3112,上海交通大学,2,不限,686,478
3110,复旦大学,4,物理＋化学,685,522
1022,中国人民大学,2,不限,684,569
1022,中国人民大学,3,不限,684,569
3112,上海交通大学,4,物理＋化学,684,569
3110,复旦大学,2,不限,683,625
1019,中国科学院大学,1,物理＋化学,682,671
3110,复旦大学,3,物理＋化学,681,722
3121,复旦大学医学院,1,物理＋化学,679,813
3310,浙江大学,2,物理＋化学,679,813
1045,北京大学医学部,4,物理＋化学,678,872
3110,复旦大学,1,不限,678,872
3112,上海交通大学,1,物理＋化学(中外合办),676,996
3118,上海交通大学医学院,1,物理＋化学,676,996
3310,浙江大学,1,不限,676,996
1022,中国人民大学,5,物理＋化学,675,1077
3402,中国科学技术大学,1,物理＋化学,675,1077
1048,北京理工大学,2,物理＋化学,674,1138
3210,南京大学,3,物理＋化学,673,1204
1022,中国人民大学,1,不限,671,1343
1045,北京大学医学部,1,不限,671,1343
1045,北京大学医学部,5,物理＋化学,671,1343
3210,南京大学,2,不限,671,1343
1022,中国人民大学,4,思想政治,670,1420
1045,北京大学医学部,3,物理＋化学,670,1420
3118,上海交通大学医学院,2,物理＋化学,668,1557
1047,北京航空航天大学,2,物理＋化学,667,1617
1039,中国政法大学,1,不限,666,1704
2311,哈尔滨工业大学,6,物理＋化学,666,1704
1032,北京师范大学,4,思想政治,664,1860
1048,北京理工大学,3,物理＋化学,664,1860
1210,南开大学,1,不限,664,1860
1028,北京邮电大学,3,物理＋化学,663,1949
1032,北京师范大学,1,不限,663,1949
1210,南开大学,3,物理＋化学,663,1949
3111,同济大学,2,物理＋化学,662,2036
3313,浙江大学医学院,1,物理＋化学,662,2036
1210,南开大学,2,不限,661,2118
4210,武汉大学,2,不限,661,2118
1039,中国政法大学,2,不限,660,2223
1032,北京师范大学,3,物理,659,2302
1032,北京师范大学,5,物理＋化学,658,2395
1032,北京师范大学,2,不限,657,2491
4210,武汉大学,3,物理＋化学,657,2491
6110,西安交通大学,5,物理＋化学,657,2491
3211,东南大学,1,物理＋化学,656,2592
7321,中国人民大学(苏州校区),2,物理＋化学(中外合办),656,2592
3111,同济大学,1,物理＋化学(中外合办),655,2687
1048,北京理工大学,1,历史,654,2776
4211,华中科技大学,3,物理＋化学,654,2776
1211,天津大学,2,物理＋化学,653,2876
1211,天津大学,3,物理＋化学,653,2876
2111,大连理工大学,1,物理＋化学,653,2876
3115,华东师范大学,1,不限,653,2876
4410,中山大学,1,不限,653,2876
6110,西安交通大学,3,物理,653,2876
1211,天津大学,1,不限,652,2976
3210,南京大学,1,物理＋化学(中外合办),652,2976
4211,华中科技大学,4,物理＋化学,652,2976
5110,四川大学,8,物理＋化学,652,2976
1025,北京交通大学,8,物理＋化学,651,3065
1028,北京邮电大学,2,物理＋化学,651,3065
1047,北京航空航天大学,1,历史,651,3065
6110,西安交通大学,2,不限,651,3065
1025,北京交通大学,7,物理＋化学,650,3176
5112,电子科技大学,1,物理＋化学,650,3176
3115,华东师范大学,3,物理＋化学,649,3267
3501,厦门大学,2,物理,649,3267
3714,哈尔滨工业大学(威海),1,物理＋化学,649,3267
4410,中山大学,2,思想政治,649,3267
5115,电子科技大学(沙河校区),3,物理＋化学,649,3267
6115,西北工业大学,2,物理＋化学,649,3267
1025,北京交通大学,6,物理＋化学,648,3382
3115,华东师范大学,2,思想政治,648,3382
5115,电子科技大学(沙河校区),1,物理＋化学(中外合办),648,3382
1026,北京科技大学,3,物理＋化学,647,3504
6110,西安交通大学,4,历史,647,3504
7321,中国人民大学(苏州校区),1,不限(中外合办),647,3504
1047,北京航空航天大学,3,物理＋化学,646,3611
2210,吉林大学,2,不限,646,3611
3501,厦门大学,3,物理＋化学,645,3726
3501,厦门大学,1,不限,644,3844
4410,中山大学,3,物理＋化学,644,3844
6116,西北大学,2,历史,644,3844
431,国防科技大学,1,物理＋化学,643,3980
1037,中央财经大学,3,物理,643,3980
1038,对外经济贸易大学,3,物理＋化学,643,3980
1038,对外经济贸易大学,1,不限,642,4108
1038,对外经济贸易大学,2,物理,642,4108
2210,吉林大学,7,物理＋化学,642,4108
1037,中央财经大学,2,不限,641,4239
3117,上海财经大学,3,物理＋化学,641,4239
2210,吉林大学,4,历史,640,4365
4211,华中科技大学,2,历史,640,4365
6111,西安电子科技大学,2,物理＋化学,640,4365
1025,北京交通大学,5,物理＋化学,639,4478
1045,北京大学医学部,2,化学,639,4478
3117,上海财经大学,2,物理,639,4478
4419,北京师范大学(珠海校区),1,不限,639,4478
1026,北京科技大学,4,物理＋化学,638,4633
2311,哈尔滨工业大学,3,物理＋化学(中外合办),638,4633
3219,苏州大学,3,思想政治＋历史＋地理,638,4633
3710,山东大学,2,物理＋化学,638,4633
4411,华南理工大学,2,物理,638,4633
7103,北京邮电大学(宏福校区),1,物理＋化学(中外合办),638,4633
1039,中国政法大学,3,不限,637,4789
2312,哈尔滨工程大学,4,物理＋化学,637,4789
3710,山东大学,1,不限,637,4789
5110,四川大学,7,物理＋化学,637,4789
5115,电子科技大学(沙河校区),2,物理＋化学(中外合办),637,4789
2312,哈尔滨工程大学,5,物理＋化学,636,4929
3117,上海财经大学,1,不限,636,4929
3713,山东大学威海分校,2,物理＋化学,636,4929
4211,华中科技大学,1,物理＋化学(中外合办),636,4929
4411,华南理工大学,3,物理＋化学,636,4929
1025,北京交通大学,4,物理,635,5055
1029,中国农业大学,2,不限,635,5055
1029,中国农业大学,3,物理＋化学,635,5055
2311,哈尔滨工业大学,4,物理＋化学(中外合办),635,5055
4311,中南大学,1,物理＋化学(中外合办),635,5055
4419,北京师范大学(珠海校区),2,物理＋化学,635,5055
1011,中国社会科学院大学,1,不限,634,5176
1026,北京科技大学,5,物理＋化学,634,5176
2311,哈尔滨工业大学,1,物理(中外合办),634,5176
1026,北京科技大学,2,物理,633,5307
4311,中南大学,3,物理＋化学,633,5307
1020,中央民族大学,3,历史,632,5467
1025,北京交通大学,3,不限,632,5467
1048,北京理工大学,4,不限(中外合办),632,5467
5010,重庆大学,4,物理＋化学,632,5467
1028,北京邮电大学,1,历史,631,5623
1033,北京外国语大学,2,思想政治,631,5623
1037,中央财经大学,1,不限(中外合办),631,5623
2210,吉林大学,5,物理＋化学,631,5623
3119,上海中医药大学,1,物理＋化学,631,5623
3713,山东大学威海分校,1,不限,631,5623
4310,湖南大学,4,物理＋化学,631,5623
4311,中南大学,2,不限,631,5623
4311,中南大学,4,物理＋化学＋生物,631,5623
5010,重庆大学,1,不限,631,5623
5110,四川大学,2,物理＋化学(中外合办),631,5623
5110,四川大学,3,不限,631,5623
5110,四川大学,6,思想政治,631,5623
6115,西北工业大学,1,物理＋化学(中外合办),631,5623
2111,大连理工大学,3,物理＋化学(中外合办),630,5783
1025,北京交通大学,1,物理＋化学(中外合办),629,5925
2210,吉林大学,1,不限,629,5925
2210,吉林大学,3,物理,629,5925
2311,哈尔滨工业大学,5,物理＋化学(中外合办),629,5925
4210,武汉大学,1,物理＋化学(中外合办),629,5925
5010,重庆大学,3,历史,629,5925
1026,北京科技大学,1,不限,628,6085
1033,北京外国语大学,1,不限,628,6085
4310,湖南大学,2,物理,628,6085
1020,中央民族大学,2,物理,627,6215
2111,大连理工大学,2,物理＋化学(中外合办),627,6215
3116,上海外国语大学,2,思想政治,627,6215
3218,南京理工大学,3,物理＋化学,627,6215
1020,中央民族大学,1,不限,626,6380
2112,东北大学,3,物理＋化学,626,6380
2210,吉林大学,6,物理＋化学,626,6380
3136,华东政法大学,1,不限,626,6380
3217,南京航空航天大学,2,物理＋化学,626,6380
4411,华南理工大学,1,不限,626,6380
4425,深圳大学,2,物理,626,6380
5010,重庆大学,5,物理＋化学(中外合办),626,6380
5110,四川大学,1,物理(中外合办),626,6380
5110,四川大学,5,不限,626,6380
1025,北京交通大学,2,物理＋化学(中外合办),625,6546
2312,哈尔滨工程大学,3,物理＋化学,625,6546
4310,湖南大学,3,历史,625,6546
4404,香港城市大学(东莞),1,物理＋化学(中外合办),625,6546
6110,西安交通大学,1,物理＋化学(中外合办),625,6546
6210,兰州大学,3,物理＋化学,625,6546
1051,首都医科大学,4,物理＋化学,624,6693
3120,上海大学,3,物理＋化学,624,6693
3711,中国海洋大学,1,不限(中外合办),624,6693
4310,湖南大学,1,不限,624,6693
5012,西南政法大学,1,不限,624,6693
5113,西南财经大学,5,物理＋化学,624,6693
7103,北京邮电大学(宏福校区),2,物理＋化学(中外合办),624,6693
1003,中国人民公安大学,1,不限,623,6848
1040,华北电力大学(北京),3,物理＋化学,623,6848
2115,中国医科大学,2,物理＋化学,623,6848
2311,哈尔滨工业大学,2,物理(中外合办),623,6848
3120,上海大学,2,不限,623,6848
3219,苏州大学,1,不限,623,6848
3711,中国海洋大学,4,物理＋化学(中外合办),623,6848
3711,中国海洋大学,6,不限,623,6848
3711,中国海洋大学,7,物理＋化学,623,6848
1030,北京林业大学,5,地理,622,7001
1036,中国传媒大学,4,不限,622,7001
3221,南京信息工程大学,2,物理＋化学,622,7001
5113,西南财经大学,3,不限,622,7001
1311,东北大学秦皇岛分校,4,物理＋化学,621,7172
2116,大连理工大学(盘锦校区),1,物理＋化学(中外合办),621,7172
3711,中国海洋大学,3,物理＋化学(中外合办),621,7172
5113,西南财经大学,4,物理,621,7172
6210,兰州大学,2,历史,621,7172
1020,中央民族大学,4,物理＋化学,620,7342
1036,中国传媒大学,3,不限,620,7342
1311,东北大学秦皇岛分校,3,物理,620,7342
2116,大连理工大学(盘锦校区),2,物理,620,7342
3223,南京师范大学,2,地理,620,7342
6130,西北政法大学,1,不限,620,7342
1008,中央美术学院,3,历史,619,7491
1040,华北电力大学(北京),2,历史,619,7491
3219,苏州大学,2,物理＋化学,619,7491
4216,中南财经政法大学,2,物理,619,7491
5011,西南大学,3,历史,619,7491
6114,陕西师范大学,2,历史,619,7491
1036,中国传媒大学,5,物理＋化学,618,7651
1311,东北大学秦皇岛分校,1,物理＋化学(中外合办),618,7651
2112,东北大学,2,物理,618,7651
3113,华东理工大学,1,不限,618,7651
3113,华东理工大学,2,物理＋化学,618,7651
3116,上海外国语大学,1,不限,618,7651
3711,中国海洋大学,5,物理＋化学(中外合办),618,7651
4216,中南财经政法大学,1,不限,618,7651
6210,兰州大学,1,不限,618,7651
1008,中央美术学院,4,物理＋化学,617,7807
1027,北京化工大学,3,物理＋化学,617,7807
2110,大连海事大学,1,不限(中外合办),617,7807
1016,北京电影学院,8,物理＋化学,616,7980
1027,北京化工大学,2,不限,616,7980
1036,中国传媒大学,1,不限(中外合办),616,7980
3711,中国海洋大学,2,物理＋化学(中外合办),616,7980
5111,西南交通大学,3,物理＋化学,616,7980
1008,中央美术学院,2,不限,615,8152
1016,北京电影学院,3,不限,615,8152
1030,北京林业大学,4,生物,615,8152
2143,大连医科大学,2,物理＋化学,615,8152
4215,华中师范大学,2,物理,615,8152
5110,四川大学,4,不限,615,8152
1030,北京林业大学,2,不限,614,8294
1040,华北电力大学(北京),1,物理,614,8294
1310,华北电力大学(保定),3,物理＋化学,614,8294
3221,南京信息工程大学,1,物理＋化学(中外合办),614,8294
3224,西交利物浦大学,3,物理＋化学(中外合办),614,8294
1042,中国石油大学(北京),4,思想政治＋历史,613,8472
1043,中国地质大学(北京),1,不限,613,8472
3224,西交利物浦大学,1,不限(中外合办),613,8472
5113,西南财经大学,1,不限(中外合办),613,8472
6116,西北大学,1,物理,613,8472
1027,北京化工大学,4,物理＋化学,612,8660
2115,中国医科大学,3,物理＋化学,612,8660
3120,上海大学,1,不限(中外合办),612,8660
6113,西北农林科技大学,3,物理,612,8660
7371,北京交通大学(威海校区),1,不限(中外合办),612,8660
1029,中国农业大学,1,不限(中外合办),611,8842
1042,中国石油大学(北京),1,不限,611,8842
1212,天津医科大学,1,物理＋化学,611,8842
2112,东北大学,1,不限,611,8842
3218,南京理工大学,4,思想政治＋历史,611,8842
3312,宁波诺丁汉大学,2,思想政治(中外合办),611,8842
1051,首都医科大学,5,物理＋化学,610,9022
3114,东华大学,1,不限,610,9022
3233,南京邮电大学,1,物理＋化学,610,9022
3312,宁波诺丁汉大学,1,不限(中外合办),610,9022
4215,华中师范大学,1,不限,610,9022
4412,暨南大学,2,物理＋化学,610,9022
6113,西北农林科技大学,5,物理＋化学＋生物,610,9022
7371,北京交通大学(威海校区),2,物理＋化学(中外合办),610,9022
3217,南京航空航天大学,1,物理＋化学(中外合办),609,9179
3218,南京理工大学,2,历史,609,9179
3501,厦门大学,4,物理＋化学,609,9179
1030,北京林业大学,3,物理,608,9333
2312,哈尔滨工程大学,2,物理＋化学(中外合办),608,9333
2314,哈尔滨医科大学,1,物理＋化学＋生物,608,9333
5113,西南财经大学,2,物理(中外合办),608,9333
1042,中国石油大学(北京),2,物理,607,9499
1310,华北电力大学(保定),1,物理,607,9499
3224,西交利物浦大学,2,物理(中外合办),607,9499
6114,陕西师范大学,3,物理＋化学,607,9499
1049,北京工业大学,1,不限,606,9678
3218,南京理工大学,1,物理＋化学(中外合办),606,9678
3320,杭州电子科技大学,2,物理＋化学,606,9678
4213,武汉理工大学,3,不限,606,9678
6113,西北农林科技大学,2,不限,606,9678
1043,中国地质大学(北京),2,物理,605,9850
3216,中国药科大学,2,物理＋化学,605,9850
3312,宁波诺丁汉大学,3,物理＋化学(中外合办),605,9850
4412,暨南大学,1,不限,605,9850
4425,深圳大学,3,物理＋化学,605,9850
1020,中央民族大学,5,物理＋化学(中外合办),604,10041
1031,北京中医药大学,1,不限,604,10041
1041,中国矿业大学(北京),1,不限,604,10041
1311,东北大学秦皇岛分校,2,不限,604,10041
1324,河北医科大学,3,物理＋化学＋生物,604,10041
3114,东华大学,2,物理＋化学,604,10041
3213,河海大学,2,不限,604,10041
4213,武汉理工大学,4,物理＋化学,604,10041
4425,深圳大学,1,不限,604,10041
6111,西安电子科技大学,1,历史,604,10041
6113,西北农林科技大学,4,物理＋化学,604,10041
1212,天津医科大学,2,物理＋化学＋生物,603,10213
1310,华北电力大学(保定),2,历史,603,10213
3403,安徽大学,2,物理＋化学,603,10213
3712,中国石油大学(华东),1,不限,603,10213
1010,北京体育大学,5,思想政治＋历史,602,10383
2110,大连海事大学,3,不限,602,10383
3216,中国药科大学,1,物理＋化学(中外合办),602,10383
3223,南京师范大学,1,不限,602,10383
5011,西南大学,1,不限,602,10383
1020,中央民族大学,6,物理＋化学(中外合办),601,10585
3213,河海大学,3,物理,601,10585
5114,成都中医药大学,1,物理＋化学,601,10585
5305,云南大学,2,思想政治,601,10585
1009,中央戏剧学院,1,不限,600,10787
1041,中国矿业大学(北京),3,物理＋化学,600,10787
1049,北京工业大学,4,物理＋化学,600,10787
3214,江南大学,2,不限,600,10787
5305,云南大学,3,物理＋化学,600,10787
1016,北京电影学院,1,不限,599,10980
2211,东北师范大学,3,不限,599,10980
3237,南京中医药大学,2,物理＋化学,599,10980
3401,合肥工业大学,2,物理,599,10980
4213,武汉理工大学,1,不限(中外合办),599,10980
4215,华中师范大学,3,物理＋化学,599,10980
5011,西南大学,2,生物,599,10980
1035,北京语言大学,3,思想政治,598,11157
3502,福州大学,1,物理＋化学,598,11157
4105,郑州大学,1,不限,598,11157
6114,陕西师范大学,1,不限,598,11157
1010,北京体育大学,2,不限,597,11348
1041,中国矿业大学(北京),2,物理,597,11348
2121,辽宁大学,2,不限,597,11348
2121,辽宁大学,3,思想政治,597,11348
4212,中国地质大学(武汉),2,不限,597,11348
1016,北京电影学院,4,不限,596,11548
1035,北京语言大学,1,不限,596,11548
1221,天津师范大学,3,思想政治,596,11548
1501,内蒙古大学,3,思想政治,596,11548
2216,东北电力大学,2,物理＋化学,596,11548
3403,安徽大学,1,不限,596,11548
4213,武汉理工大学,2,物理＋化学(中外合办),596,11548
4312,湖南师范大学,3,历史,596,11548
5305,云南大学,4,思想政治＋历史,596,11548
6113,西北农林科技大学,1,物理＋化学(中外合办),596,11548
1016,北京电影学院,2,不限,595,11725
1052,首都师范大学,2,历史,595,11725
4105,郑州大学,2,物理＋化学,595,11725
1049,北京工业大学,6,物理＋化学(中外合办),594,11907
2110,大连海事大学,5,物理＋化学,594,11907
2138,东北财经大学,1,不限,594,11907
2143,大连医科大学,1,物理＋化学,594,11907
2211,东北师范大学,4,化学,594,11907
3215,南京农业大学,1,不限,594,11907
3401,合肥工业大学,1,不限(中外合办),594,11907
4214,华中农业大学,4,物理＋生物,594,11907
1008,中央美术学院,1,不限(中外合办),593,12095
2121,辽宁大学,4,物理＋化学,593,12095
3223,南京师范大学,3,物理＋化学,593,12095
3248,徐州医科大学,1,物理＋化学,593,12095
5022,重庆医科大学,2,物理＋化学,593,12095
1049,北京工业大学,2,物理,592,12263
3605,南昌大学,1,物理＋化学(中外合办),592,12263
4312,湖南师范大学,4,地理,592,12263
1042,中国石油大学(北京),3,物理＋化学,591,12433
3401,合肥工业大学,3,物理＋化学,591,12433
5022,重庆医科大学,1,物理＋化学(中外合办),591,12433
1027,北京化工大学,1,物理＋化学(中外合办),590,12614
1030,北京林业大学,6,物理＋化学,590,12614
1052,首都师范大学,3,地理,590,12614
1322,华北理工大学,3,物理＋化学＋生物,590,12614
2211,东北师范大学,1,不限(中外合办),590,12614
2312,哈尔滨工程大学,1,物理＋化学(中外合办),590,12614
3737,青岛大学,2,物理＋化学,590,12614
4422,华南师范大学,1,不限,590,12614
5020,重庆邮电大学,1,物理＋化学,590,12614
6112,长安大学,1,不限,590,12614
6301,青海大学,3,物理＋化学＋生物,590,12614
3605,南昌大学,2,不限,589,12794
4214,华中农业大学,1,不限,589,12794
4312,湖南师范大学,2,思想政治,589,12794
4432,北京师范大学-香港浸会大学联合国际学院,3,物理＋化学(中外合办),589,12794
1016,北京电影学院,7,历史,588,12980
1220,天津中医药大学,3,物理＋化学,588,12980
2121,辽宁大学,1,不限(中外合办),588,12980
3212,中国矿业大学,2,不限,588,12980
4432,北京师范大学-香港浸会大学联合国际学院,1,不限(中外合办),588,12980
5123,成都理工大学,2,物理＋化学,588,12980
1010,北京体育大学,3,物理,587,13194
1217,天津工业大学,1,物理＋化学,587,13194
1312,河北工业大学,1,物理＋化学(中外合办),587,13194
1404,太原理工大学,1,物理＋化学,587,13194
2211,东北师范大学,2,物理＋化学(中外合办),587,13194
3139,上海政法学院,1,不限,587,13194
3214,江南大学,1,物理＋化学(中外合办),587,13194
3311,温州医科大学,1,物理＋化学(中外合办),587,13194
4312,湖南师范大学,1,不限,587,13194
4432,北京师范大学-香港浸会大学联合国际学院,2,物理(中外合办),587,13194
1035,北京语言大学,2,物理,586,13407
2110,大连海事大学,4,物理,586,13407
3244,南京审计大学,1,不限(中外合办),586,13407
4418,广东以色列理工学院,1,物理＋化学(中外合办),586,13407
6112,长安大学,2,物理,586,13407
1030,北京林业大学,1,物理＋化学(中外合办),585,13610
1035,北京语言大学,4,物理＋化学,585,13610
1036,中国传媒大学,2,物理＋化学(中外合办),585,13610
1043,中国地质大学(北京),3,物理＋化学,585,13610
1049,北京工业大学,3,物理＋化学,585,13610
1049,北京工业大学,5,物理(中外合办),585,13610
2138,东北财经大学,2,物理,585,13610
2146,辽宁中医药大学,1,物理＋化学,585,13610
2315,东北农业大学,1,不限,585,13610
3213,河海大学,4,物理＋化学,585,13610
3234,南京林业大学,1,不限,585,13610
5201,贵州大学,2,物理＋化学,585,13610
1031,北京中医药大学,2,物理＋化学,584,13797
1312,河北工业大学,2,物理＋化学,584,13797
1401,山西大学,2,物理＋化学,584,13797
3212,中国矿业大学,3,物理,584,13797
3334,温州肯恩大学,1,不限(中外合办),584,13797
4214,华中农业大学,2,物理,584,13797
5111,西南交通大学,1,物理＋化学(中外合办),584,13797
6114,陕西师范大学,4,物理＋生物,584,13797
1016,北京电影学院,6,物理,583,14003
1501,内蒙古大学,4,历史,583,14003
3212,中国矿业大学,4,物理＋化学,583,14003
3214,江南大学,3,物理＋化学,583,14003
1016,北京电影学院,5,不限,582,14198
1052,首都师范大学,1,不限,582,14198
1221,天津师范大学,5,思想政治＋历史,582,14198
1501,内蒙古大学,5,物理＋化学,582,14198
3242,扬州大学,1,不限,582,14198
1010,北京体育大学,4,物理＋化学,581,14402
1051,首都医科大学,1,不限,581,14402
3131,上海理工大学,3,不限,581,14402
3131,上海理工大学,4,物理＋化学,581,14402
3212,中国矿业大学,1,物理＋化学(中外合办),581,14402
3712,中国石油大学(华东),2,物理＋化学,581,14402
4118,河南大学,3,地理,581,14402
6112,长安大学,3,物理＋化学,581,14402
1055,首都经济贸易大学,2,不限,580,14596
1215,中国民航大学,3,思想政治,580,14596
1220,天津中医药大学,5,物理＋化学,580,14596
3131,上海理工大学,2,物理＋化学(中外合办),580,14596
4317,长沙理工大学,1,物理＋化学(中外合办),580,14596
1051,首都医科大学,9,物理＋化学,579,14812
2216,东北电力大学,1,物理＋化学(中外合办),579,14812
5305,云南大学,1,物理,579,14812
6133,西安邮电大学,1,物理＋化学,579,14812
3102,上海音乐学院,1,不限,578,15033
3131,上海理工大学,1,不限(中外合办),578,15033
5011,西南大学,4,物理＋化学,578,15033
5123,成都理工大学,1,不限,578,15033
1064,北京信息科技大学,3,物理＋化学,577,15224
1501,内蒙古大学,1,不限,577,15224
3242,扬州大学,3,思想政治＋历史,577,15224
3329,宁波大学,1,不限,577,15224
4214,华中农业大学,3,物理＋化学,577,15224
5201,贵州大学,1,不限,577,15224
5316,昆明医科大学,1,物理＋化学,577,15224
2310,东北林业大学,1,不限,576,15428
3103,上海戏剧学院,1,不限,576,15428
3133,上海电力大学,2,物理＋化学,576,15428
3222,南京医科大学,1,不限,576,15428
3321,浙江工业大学,1,物理＋化学,576,15428
3605,南昌大学,3,物理＋化学,576,15428
4118,河南大学,4,物理＋化学,576,15428
4212,中国地质大学(武汉),3,物理＋化学,576,15428
4315,湘潭大学,2,物理＋化学,576,15428
4415,广东外语外贸大学,2,物理,576,15428
6121,西安理工大学,1,物理＋化学,576,15428
3215,南京农业大学,2,物理＋化学,575,15638
1401,山西大学,1,不限,574,15859
2212,延边大学,2,物理＋化学,574,15859
2315,东北农业大学,2,物理＋化学,574,15859
3102,上海音乐学院,2,历史,574,15859
3213,河海大学,1,物理＋化学(中外合办),574,15859
1313,燕山大学,2,物理＋化学,573,16069
2110,大连海事大学,2,物理＋化学(中外合办),573,16069
3728,滨州医学院,1,物理＋化学,573,16069
4315,湘潭大学,1,不限,573,16069
4414,广州中医药大学,2,物理＋化学,573,16069
5111,西南交通大学,2,物理＋化学(中外合办),573,16069
6117,西安建筑科技大学,2,不限,573,16069
6301,青海大学,2,物理＋化学,573,16069
1055,首都经济贸易大学,5,不限,572,16267
1221,天津师范大学,1,不限,572,16267
4118,河南大学,2,历史,572,16267
4212,中国地质大学(武汉),1,物理＋化学(中外合办),572,16267
4312,湖南师范大学,5,物理＋化学,572,16267
5116,四川农业大学,1,物理＋化学,572,16267
5122,西南石油大学,1,物理＋化学,572,16267
2310,东北林业大学,2,物理＋化学,571,16481
3143,上海对外经贸大学,1,不限,571,16481
3722,济南大学,2,物理＋化学,571,16481
6301,青海大学,1,不限,571,16481
1051,首都医科大学,6,物理＋化学,570,16658
3101,上海体育大学,1,不限,570,16658
5023,重庆师范大学,1,不限,570,16658
3220,江苏大学,2,物理＋化学,569,16863
3234,南京林业大学,2,物理,569,16863
4118,河南大学,1,不限,569,16863
1055,首都经济贸易大学,4,不限,568,17101
2133,沈阳药科大学,1,物理＋化学,568,17101
3323,浙江师范大学,3,思想政治,568,17101
3616,江西师范大学,1,不限,568,17101
4221,武汉科技大学,1,物理＋化学,568,17101
4317,长沙理工大学,3,物理＋化学,568,17101
4413,华南农业大学,1,物理＋化学,568,17101
1052,首都师范大学,5,物理＋化学,567,17299
3329,宁波大学,2,不限,567,17299
3329,宁波大学,3,不限,567,17299
4233,三峡大学,3,物理＋化学,567,17299
4611,海南大学,1,物理＋化学,567,17299
1046,北京协和医学院,1,物理＋化学,566,17509
1501,内蒙古大学,2,物理,566,17509
3244,南京审计大学,2,物理(中外合办),566,17509
3244,南京审计大学,3,不限,566,17509
5126,西南医科大学,1,物理＋化学,566,17509
1063,北京工商大学,3,不限,565,17728
1215,中国民航大学,2,物理,565,17728
1326,河北师范大学,1,历史,565,17728
2315,东北农业大学,3,物理＋化学,565,17728
3220,江苏大学,1,不限,565,17728
3731,山东师范大学,1,不限,565,17728
4320,湖南中医药大学,1,物理＋化学,565,17728
4416,南方医科大学,2,物理＋化学,565,17728
6505,新疆大学,3,物理＋化学,565,17728
1055,首都经济贸易大学,7,物理＋化学,564,17958
2216,东北电力大学,3,物理＋化学,564,17958
1220,天津中医药大学,1,物理＋化学(中外合办),563,18175
3413,安徽医科大学,1,不限,563,18175
3621,江西财经大学,3,不限,563,18175
4442,广东医科大学,1,物理＋化学,563,18175
2115,中国医科大学,1,物理＋化学(中外合办),562,18395
3330,浙江传媒学院,3,不限,562,18395
3510,华侨大学,2,物理＋化学,562,18395
3720,山东科技大学,2,物理＋化学,562,18395
1055,首都经济贸易大学,6,物理,561,18566
1318,河北大学,1,不限,561,18566
1051,首都医科大学,2,物理,560,18792
1055,首都经济贸易大学,3,不限,560,18792
1225,天津财经大学,2,不限,560,18792
3743,山东第二医科大学,1,物理＋化学,560,18792
1215,中国民航大学,1,不限,559,18983
3132,上海海事大学,1,不限,559,18983
3133,上海电力大学,1,不限,559,18983
3320,杭州电子科技大学,1,不限,559,18983
1055,首都经济贸易大学,1,物理＋化学(中外合办),558,19195
1220,天津中医药大学,2,不限,558,19195
3327,中国计量大学,1,物理＋化学,558,19195
5127,四川师范大学,3,思想政治＋历史,558,19195
6516,中国石油大学(北京)克拉玛依校区,1,物理＋化学,558,19195
1051,首都医科大学,8,物理＋化学,557,19422
1223,天津外国语大学,2,思想政治,557,19422
4233,三峡大学,1,物理＋化学(中外合办),557,19422
1051,首都医科大学,7,物理＋化学,556,19659
1215,中国民航大学,4,物理＋化学,556,19659
1221,天津师范大学,2,物理,556,19659
3234,南京林业大学,3,物理＋化学,556,19659
3419,安徽中医药大学,2,物理＋化学,556,19659
2215,长春理工大学,3,物理＋化学,555,19867
3242,扬州大学,2,物理＋化学,555,19867
3325,浙江工商大学,1,不限,555,19867
6505,新疆大学,2,物理,555,19867
1220,天津中医药大学,4,物理＋化学,554,20086
1332,承德医学院,2,物理＋化学,554,20086
2212,延边大学,1,不限,554,20086
2325,哈尔滨师范大学,1,不限,554,20086
3231,南京工业大学,2,物理＋化学,554,20086
3328,浙江财经大学,1,不限,554,20086
3413,安徽医科大学,2,物理＋化学,554,20086
6117,西安建筑科技大学,1,物理＋化学(中外合办),554,20086
1051,首都医科大学,3,化学,553,20311
1225,天津财经大学,3,物理,553,20311
3621,江西财经大学,1,物理(中外合办),553,20311
3727,山东第一医科大学,1,物理＋化学,553,20311
5127,四川师范大学,2,物理＋化学,553,20311
6122,西安工业大学,2,物理＋化学,553,20311
3729,山东中医药大学,1,物理＋化学,552,20524
3731,山东师范大学,2,物理＋化学,552,20524
3736,山东财经大学,1,不限,552,20524
3725,山东农业大学,1,物理＋化学,551,20749
4317,长沙理工大学,2,不限,551,20749
6505,新疆大学,1,不限,551,20749
1063,北京工商大学,4,不限,550,20990
1225,天津财经大学,1,不限(中外合办),550,20990
3311,温州医科大学,2,物理＋化学,550,20990
4430,广东工业大学,2,物理＋化学,550,20990
2320,黑龙江大学,1,不限,549,21198
3322,浙江理工大学,3,物理＋化学,549,21198
3328,浙江财经大学,2,物理＋化学,549,21198
3134,上海海洋大学,1,物理＋化学,548,21433
4517,广西师范大学,2,历史,548,21433
1064,北京信息科技大学,4,物理＋化学,547,21659
3101,上海体育大学,2,物理＋化学,547,21659
3621,江西财经大学,4,物理＋化学,547,21659
4117,河南中医药大学,1,物理＋化学,547,21659
4222,长江大学,2,物理＋化学,547,21659
6218,西北师范大学,2,不限,547,21659
1053,北京第二外国语学院,3,思想政治,546,21881
2132,锦州医科大学,2,物理＋化学,546,21881
1052,首都师范大学,4,物理＋化学,545,22074
3330,浙江传媒学院,2,不限,545,22074
5022,重庆医科大学,3,物理＋化学,545,22074
1013,中国音乐学院,1,不限,544,22278
1067,北京建筑大学,1,不限,544,22278
3238,南京财经大学,1,不限,544,22278
3330,浙江传媒学院,1,不限(中外合办),544,22278
3621,江西财经大学,2,物理＋化学(中外合办),544,22278
4128,河南师范大学,1,不限,544,22278
2221,吉林师范大学,1,不限,543,22476
4114,河南科技大学,2,物理＋化学,543,22476
3222,南京医科大学,2,物理＋化学,542,22695
3301,中国美术学院,1,不限,542,22695
3322,浙江理工大学,1,不限,542,22695
3330,浙江传媒学院,4,物理＋化学,542,22695
3520,福建中医药大学,1,物理＋生物,542,22695
4515,桂林电子科技大学,2,物理＋化学,542,22695
1328,石家庄铁道大学,3,物理＋化学,541,22915
2137,大连外国语大学,2,思想政治,541,22915
3202,南京艺术学院,1,不限,541,22915
1216,天津科技大学,1,不限(中外合办),540,23122
1301,中国人民警察大学,1,不限,540,23122
1313,燕山大学,1,不限,540,23122
1412,山西中医药大学,1,物理＋化学,540,23122
3730,济宁医学院,1,物理＋化学,540,23122
4414,广州中医药大学,1,不限,540,23122
5001,四川美术学院,2,物理＋化学,540,23122
6124,西安石油大学,2,物理＋化学,540,23122
1063,北京工商大学,5,物理,539,23365
3323,浙江师范大学,2,不限,539,23365
3720,山东科技大学,1,物理,539,23365
3737,青岛大学,1,物理,539,23365
4430,广东工业大学,1,不限,539,23365
4517,广西师范大学,1,思想政治,539,23365
1064,北京信息科技大学,5,物理＋化学,538,23607
1328,石家庄铁道大学,2,物理,538,23607
3231,南京工业大学,1,不限,538,23607
3510,华侨大学,1,不限,538,23607
1403,中北大学,2,物理＋化学,537,23824
3738,烟台大学,1,不限,537,23824
1324,河北医科大学,1,生物,536,24052
1324,河北医科大学,2,物理＋化学,536,24052
4325,南华大学,2,物理＋化学,536,24052
1063,北京工商大学,1,物理＋化学(中外合办),535,24276
1064,北京信息科技大学,1,不限,535,24276
5125,成都信息工程大学,2,物理＋化学,535,24276
6218,西北师范大学,3,地理,534,24493
6220,甘肃政法大学,1,不限,534,24493
1216,天津科技大学,5,物理＋化学,533,24746
1328,石家庄铁道大学,1,不限,533,24746
1335,河北中医药大学,1,物理＋化学,533,24746
5131,成都大学,3,物理＋化学,533,24746
1063,北京工商大学,6,物理＋化学,532,24976
1064,北京信息科技大学,2,物理,532,24976
1216,天津科技大学,4,物理,532,24976
3322,浙江理工大学,2,物理,532,24976
3323,浙江师范大学,1,不限(中外合办),532,24976
3638,南昌医学院,1,物理＋化学,532,24976
5131,成都大学,1,不限,532,24976
3616,江西师范大学,2,物理＋化学,531,25202
3721,青岛科技大学,1,不限,531,25202
6123,西安科技大学,1,物理＋化学,531,25202
6510,石河子大学,2,物理＋化学,531,25202
1060,中国劳动关系学院,3,历史,530,25414
1216,天津科技大学,2,物理＋化学(中外合办),530,25414
1221,天津师范大学,4,物理＋化学,530,25414
1322,华北理工大学,2,物理＋化学,530,25414
1332,承德医学院,1,生物,530,25414
1412,山西中医药大学,2,物理＋生物,530,25414
2123,沈阳航空航天大学,2,物理＋化学,530,25414
3137,上海立信会计金融学院,1,不限,530,25414
3237,南京中医药大学,1,不限,530,25414
3324,杭州师范大学,1,物理＋化学,530,25414
3415,安徽师范大学,1,不限,530,25414
5131,成都大学,2,思想政治,530,25414
1017,北京舞蹈学院,1,不限,529,25630
1063,北京工商大学,2,物理＋化学(中外合办),529,25630
1067,北京建筑大学,2,不限,529,25630
2215,长春理工大学,2,物理,529,25630
3513,集美大学,1,不限,529,25630
1015,中国戏曲学院,2,不限,528,25842
1062,北方工业大学,2,不限,528,25842
1053,北京第二外国语学院,1,不限,527,26065
3615,江西中医药大学,1,物理＋生物,527,26065
4223,武汉工程大学,1,物理＋化学,527,26065
4316,湖南科技大学,2,物理,527,26065
6118,陕西科技大学,1,物理＋化学,527,26065
6122,西安工业大学,1,不限,527,26065
1053,北京第二外国语学院,2,不限,526,26285
1062,北方工业大学,3,物理＋化学,526,26285
1216,天津科技大学,3,不限,526,26285
1333,廊坊师范学院,2,历史,526,26285
3417,安徽财经大学,1,不限,526,26285
3638,南昌医学院,2,物理＋化学,526,26285
3721,青岛科技大学,2,物理＋化学,526,26285
4140,新乡医学院,1,物理＋化学,526,26285
4241,湖北大学,1,不限,526,26285
4420,汕头大学,1,不限,526,26285
5023,重庆师范大学,3,物理＋化学,526,26285
5120,西南民族大学,1,不限,526,26285
6217,兰州交通大学,1,物理＋化学,526,26285
1067,北京建筑大学,3,物理,525,26546
1223,天津外国语大学,1,不限,525,26546
2122,沈阳工业大学,1,物理＋化学,525,26546
3243,南京工程学院,1,物理＋化学,525,26546
3419,安徽中医药大学,1,化学,525,26546
4415,广东外语外贸大学,1,不限,525,26546
4416,南方医科大学,1,化学,525,26546
5029,重庆工商大学,1,不限,525,26546
5127,四川师范大学,1,不限,525,26546
5313,云南师范大学,1,思想政治＋历史,525,26546
1060,中国劳动关系学院,2,思想政治,524,26772
1218,天津理工大学,1,不限,524,26772
1322,华北理工大学,1,化学,524,26772
2137,大连外国语大学,1,不限,524,26772
2224,吉林财经大学,1,不限,524,26772
3239,苏州科技大学,1,历史,524,26772
3638,南昌医学院,3,物理＋生物,524,26772
3722,济南大学,1,不限,524,26772
3723,青岛理工大学,1,物理,524,26772
5021,重庆交通大学,1,不限,524,26772
1218,天津理工大学,2,物理,523,26996
1224,天津商业大学,1,不限(中外合办),523,26996
1319,河北工程大学,1,不限,523,26996
2326,齐齐哈尔大学,1,地理,523,26996
3512,福建农林大学,1,物理＋化学,523,26996
1224,天津商业大学,2,不限,522,27234
2321,哈尔滨理工大学,1,物理＋化学,522,27234
2325,哈尔滨师范大学,2,物理＋化学,522,27234
3137,上海立信会计金融学院,2,物理,522,27234
1015,中国戏曲学院,3,不限,521,27493
1060,中国劳动关系学院,1,不限,521,27493
2215,长春理工大学,1,不限,521,27493
3235,南通大学,1,物理＋化学,521,27493
5121,中国民用航空飞行学院,2,物理,521,27493
6124,西安石油大学,1,不限,521,27493
6132,西安财经大学,1,不限,521,27493
1067,北京建筑大学,5,物理＋化学,520,27728
1405,山西医科大学,2,物理＋化学＋生物,520,27728
1408,山西财经大学,2,物理,520,27728
1502,内蒙古科技大学,1,思想政治,520,27728
3230,江苏科技大学,1,不限,520,27728
3331,浙江农林大学,1,不限,520,27728
4220,中南民族大学,1,不限,520,27728
4520,南宁师范大学,1,思想政治＋历史,520,27728
5026,四川外国语大学,1,不限,520,27728
5125,成都信息工程大学,1,不限,520,27728
6215,西北民族大学,1,不限,520,27728
6220,甘肃政法大学,2,思想政治,520,27728
1361,河北北方学院,1,物理＋化学,519,27941
2135,辽宁师范大学,1,不限(中外合办),519,27941
3335,温州大学,1,不限,519,27941
4110,华北水利水电大学,2,物理,519,27941
4325,南华大学,1,不限,519,27941
4329,湖南工商大学,1,不限,519,27941
6129,西安外国语大学,1,不限,519,27941
1010,北京体育大学,1,不限(中外合办),518,28167
1331,河北经贸大学,1,不限,518,28167
4123,河南财经政法大学,1,不限,518,28167
6126,陕西理工大学,2,物理＋化学,518,28167
1061,中华女子学院,1,不限(女),517,28417
2123,沈阳航空航天大学,1,不限,517,28417
2140,大连大学,1,不限,517,28417
3140,上海商学院,1,不限,517,28417
3745,山东理工大学,1,物理＋化学,517,28417
4222,长江大学,1,不限,517,28417
4316,湖南科技大学,1,不限,517,28417
5027,重庆科技大学,1,物理＋化学,517,28417
5133,西华大学,1,不限,517,28417
6215,西北民族大学,2,化学,517,28417
1015,中国戏曲学院,1,不限,516,28622
1403,中北大学,1,不限,516,28622
1408,山西财经大学,1,不限,516,28622
2130,沈阳建筑大学,1,物理,516,28622
2323,佳木斯大学,1,物理＋化学＋生物,516,28622
4233,三峡大学,2,不限,516,28622
4319,中南林业科技大学,1,不限,516,28622
5028,重庆理工大学,1,不限,516,28622
1318,河北大学,2,物理＋化学,515,28850
2135,辽宁师范大学,3,物理＋化学,515,28850
2142,沈阳工程学院,1,物理＋化学(中外合办),515,28850
3701,山东艺术学院,1,不限,515,28850
3724,山东建筑大学,1,不限,515,28850
1031,北京中医药大学,3,物理＋化学,514,29083
1203,天津美术学院,1,不限,514,29083
1333,廊坊师范学院,1,思想政治,514,29083
1406,山西师范大学,1,不限,514,29083
3723,青岛理工大学,2,物理＋化学,514,29083
4123,河南财经政法大学,2,物理＋化学,514,29083
4318,湖南农业大学,1,不限,514,29083
4613,海南医科大学,1,物理＋化学,514,29083
6125,西安工程大学,1,不限,514,29083
6216,兰州理工大学,1,不限,514,29083
1063,北京工商大学,7,物理＋化学,513,29317
1330,北华航天工业学院,3,物理＋化学,513,29317
2217,长春工业大学,1,不限,513,29317
3516,厦门理工学院,1,物理＋化学,513,29317
4114,河南科技大学,1,不限,513,29317
4319,中南林业科技大学,2,物理,513,29317
6510,石河子大学,1,物理,513,29317
2135,辽宁师范大学,2,不限(中外合办),512,29550
2328,哈尔滨商业大学,1,不限,512,29550
3613,江西理工大学,1,不限,512,29550
4232,湖北医药学院,1,物理＋化学,512,29550
4433,东莞理工学院,1,物理＋化学,512,29550
5315,云南财经大学,1,不限,512,29550
1226,天津城建大学,1,不限,511,29771
1342,河北医科大学临床学院,1,生物,511,29771
2124,沈阳理工大学,1,物理＋化学,511,29771
3412,安徽农业大学,1,不限,511,29771
3612,南昌航空大学,2,物理＋化学,511,29771
4318,湖南农业大学,2,物理＋化学,511,29771
321,陆军工程大学,1,物理,510,29984
1218,天津理工大学,3,物理＋化学,510,29984
6216,兰州理工大学,2,物理,510,29984
6216,兰州理工大学,3,物理＋化学,510,29984
1076,北京联合大学,3,不限,509,30177
1405,山西医科大学,1,物理＋化学,509,30177
4612,海南师范大学,1,不限,509,30177
1070,北京物资学院,2,不限,508,30404
1070,北京物资学院,3,不限,508,30404
1407,山西大同大学,2,物理＋化学＋生物,508,30404
3418,安徽建筑大学,3,物理＋地理,508,30404
3724,山东建筑大学,2,物理＋化学,508,30404
4110,华北水利水电大学,1,不限,508,30404
4225,武汉轻工大学,1,物理＋化学,508,30404
4421,广东海洋大学,1,不限,508,30404
6126,陕西理工大学,1,不限,508,30404
1061,中华女子学院,2,物理＋化学(女),507,30652
1066,北京印刷学院,1,不限,507,30652
2128,大连交通大学,1,物理＋化学,507,30652
3284,南京特殊教育师范学院,1,不限,507,30652
3412,安徽农业大学,2,物理＋化学,507,30652
4116,河南农业大学,1,不限,507,30652
2329,齐齐哈尔医学院,2,物理＋化学＋生物,506,30876
4116,河南农业大学,2,物理＋化学,506,30876
4316,湖南科技大学,3,物理＋化学,506,30876
4328,湖南工业大学,1,不限,506,30876
4332,湘南学院,1,物理＋化学,506,30876
4515,桂林电子科技大学,1,不限,506,30876
1060,中国劳动关系学院,4,物理＋化学,505,31121
1070,北京物资学院,5,物理＋化学,505,31121
2217,长春工业大学,2,物理＋化学,505,31121
3613,江西理工大学,2,物理,505,31121
4428,广东金融学院,1,不限,505,31121
1012,首都体育学院,2,物理,504,31368
1067,北京建筑大学,4,物理＋化学,504,31368
1070,北京物资学院,4,物理,504,31368
1350,北京中医药大学东方学院,2,化学,504,31368
1350,北京中医药大学东方学院,3,生物,504,31368
3230,江苏科技大学,3,物理＋化学,504,31368
5132,攀枝花学院,2,物理＋化学,504,31368
5314,大理大学,1,物理＋化学,504,31368
6410,北方民族大学,2,物理＋化学,504,31368
1066,北京印刷学院,2,物理,503,31574
1069,北京农学院,4,生物,503,31574
1320,河北地质大学,1,不限,503,31574
3140,上海商学院,2,物理＋化学,503,31574
3410,安徽工业大学,1,不限,503,31574
3511,福建理工大学,1,物理＋化学,503,31574
3612,南昌航空大学,1,不限,503,31574
4144,洛阳理工学院,1,不限,503,31574
4220,中南民族大学,2,物理＋化学,503,31574
1231,天津医科大学临床医学院,2,化学,502,31794
1301,中国人民警察大学,2,物理＋化学,502,31794
4111,河南理工大学,1,不限,502,31794
5121,中国民用航空飞行学院,3,物理＋化学,502,31794
1076,北京联合大学,8,地理,501,32011
2114,沈阳农业大学,2,物理＋化学,501,32011
4116,河南农业大学,3,物理＋化学,501,32011
5310,昆明理工大学,1,物理＋化学,501,32011
1142,北京工商大学（京津冀职教改革项目）,1,不限,500,32208
1326,河北师范大学,2,物理＋化学,500,32208
1330,北华航天工业学院,2,不限,500,32208
3246,江苏海洋大学,1,不限,500,32208
4328,湖南工业大学,2,物理＋化学,500,32208
2227,长春大学,1,不限,499,32443
321,陆军工程大学,2,物理＋化学,498,32667
1076,北京联合大学,4,不限,498,32667
2120,大连民族大学,2,物理,498,32667
3733,山东航空学院,2,物理＋化学,498,32667
3778,齐鲁医药学院,1,化学,498,32667
4128,河南师范大学,2,物理＋化学,498,32667
5124,西南科技大学,1,不限,498,32667
1076,北京联合大学,5,不限,497,32907
1235,北京科技大学天津学院,3,化学,497,32907
1342,河北医科大学临床学院,2,物理＋化学＋生物,497,32907
3239,苏州科技大学,2,物理＋化学,497,32907
3514,福建医科大学,1,物理＋化学＋生物,497,32907
4110,华北水利水电大学,3,物理＋化学,497,32907
4234,湖北经济学院,1,不限,497,32907
4354,湖南财政经济学院,1,不限,497,32907
4516,桂林理工大学,2,物理＋化学,497,32907
5021,重庆交通大学,2,物理＋化学,497,32907
1062,北方工业大学,1,物理＋化学(中外合办),496,33127
3333,湖州师范学院,1,不限,496,33127
4436,广东药科大学,1,物理＋化学,496,33127
6127,宝鸡文理学院,1,思想政治,496,33127
1012,首都体育学院,1,不限,495,33354
1231,天津医科大学临床医学院,4,物理＋化学＋生物,495,33354
1316,防灾科技学院,1,不限,495,33354
3418,安徽建筑大学,1,不限,495,33354
3610,华东交通大学,1,物理＋化学,495,33354
4111,河南理工大学,2,物理＋化学,495,33354
4201,武汉体育学院,3,物理＋化学,495,33354
5120,西南民族大学,2,物理＋化学,495,33354
1069,北京农学院,6,物理＋化学,494,33572
1402,太原科技大学,1,物理＋化学,494,33572
2142,沈阳工程学院,2,物理＋化学,494,33572
2165,大连医科大学中山学院,1,物理＋化学,494,33572
5023,重庆师范大学,2,物理,494,33572
5312,西南林业大学,1,不限,494,33572
1076,北京联合大学,9,物理＋化学,493,33792
1330,北华航天工业学院,1,物理＋化学(中外合办),493,33792
2132,锦州医科大学,1,物理＋生物(中外合办),493,33792
2220,北华大学,1,物理＋化学,493,33792
3249,南京晓庄学院,1,不限,493,33792
3614,江西农业大学,1,不限,493,33792
4201,武汉体育学院,2,物理,493,33792
4421,广东海洋大学,2,物理＋化学,493,33792
5311,云南农业大学,1,物理＋化学,493,33792
6410,北方民族大学,1,不限,493,33792
1219,天津农学院,1,不限,492,34007
1345,石家庄铁道大学四方学院,2,物理,492,34007
2131,大连海洋大学,1,物理＋化学,492,34007
3611,东华理工大学,1,不限,492,34007
5001,四川美术学院,1,不限,492,34007
5124,西南科技大学,2,物理＋化学,492,34007
6219,兰州财经大学,1,不限,492,34007
3411,安徽理工大学,1,物理＋化学,491,34236
3613,江西理工大学,3,物理＋化学,491,34236
3740,山东交通学院,1,不限,491,34236
4516,桂林理工大学,1,不限,491,34236
1076,北京联合大学,7,物理,490,34462
1128,民政职业大学,2,物理,490,34462
1142,北京工商大学（京津冀职教改革项目）,2,物理,490,34462
2144,渤海大学,1,不限,490,34462
4520,南宁师范大学,2,历史＋地理,490,34462
5105,四川电影电视学院,1,不限,490,34462
1068,北京石油化工学院,1,不限,489,34671
1319,河北工程大学,2,物理＋化学,489,34671
2136,沈阳师范大学,1,物理＋化学,489,34671
2313,东北石油大学,1,物理＋化学,489,34671
3734,鲁东大学,1,不限,489,34671
4319,中南林业科技大学,3,物理＋化学,489,34671
1065,北京服装学院,1,不限,488,34896
1068,北京石油化工学院,2,物理,488,34896
1069,北京农学院,3,不限,488,34896
2120,大连民族大学,1,不限,488,34896
3247,盐城师范学院,1,不限,488,34896
6219,兰州财经大学,2,物理,488,34896
1076,北京联合大学,6,不限,487,35128
1219,天津农学院,2,物理＋化学,487,35128
1317,华北科技学院,1,不限,487,35128
1365,河北金融学院,1,不限,487,35128
2113,辽宁工程技术大学,1,物理＋化学,487,35128
3230,江苏科技大学,2,物理＋化学,487,35128
3623,南昌工程学院,1,不限,487,35128
3733,山东航空学院,1,不限,487,35128
4112,郑州轻工业大学,1,不限,487,35128
4322,衡阳师范学院,2,地理,487,35128
4326,长沙学院,1,不限,487,35128
4401,广州体育学院,1,不限,487,35128
5128,西华师范大学,1,不限,487,35128
1128,民政职业大学,1,不限,486,35338
1141,北京信息科技大学（京津冀职教改革项目）,1,不限,486,35338
1321,河北建筑工程学院,1,不限,486,35338
1321,河北建筑工程学院,2,物理,486,35338
1410,山西农业大学,1,不限,486,35338
1504,内蒙古农业大学,1,不限,486,35338
2130,沈阳建筑大学,2,物理＋化学,486,35338
2155,锦州医科大学医疗学院,1,化学,486,35338
2322,黑龙江科技大学,1,不限,486,35338
3240,金陵科技学院,1,不限,486,35338
3614,江西农业大学,2,物理＋化学,486,35338
4201,武汉体育学院,1,不限,486,35338
5204,贵州财经大学,1,物理(中外合办),486,35338
6101,西安体育学院,1,不限,486,35338
1069,北京农学院,1,不限(中外合办),485,35549
1316,防灾科技学院,2,物理,485,35549
1327,衡水学院,1,不限,485,35549
1345,石家庄铁道大学四方学院,1,不限,485,35549
1349,燕京理工学院,1,不限,485,35549
1359,河北石油职业技术大学,1,不限,485,35549
2125,辽宁科技大学,1,物理＋化学,485,35549
2131,大连海洋大学,3,物理＋化学,485,35549
2329,齐齐哈尔医学院,1,不限,485,35549
2350,哈尔滨金融学院,1,不限,485,35549
3620,井冈山大学,1,不限,485,35549
3623,南昌工程学院,2,物理＋化学,485,35549
6518,喀什大学,2,思想政治,485,35549
1407,山西大同大学,1,不限,484,35756
1411,吕梁学院,2,历史,484,35756
1421,山西工学院,1,不限,484,35756
3241,常州工学院,1,不限,484,35756
3266,南京审计大学金审学院,1,不限,484,35756
3624,九江学院,1,不限,484,35756
3634,赣东学院,1,不限,484,35756
4129,南阳师范学院,1,不限,484,35756
4327,湖南工程学院,2,物理,484,35756
4517,广西师范大学,3,物理＋化学,484,35756
5121,中国民用航空飞行学院,1,不限,484,35756
2228,吉林工商学院,1,不限,483,35931
3530,厦门大学嘉庚学院,1,不限,483,35931
4541,桂林航天工业学院,1,不限,483,35931
5165,四川轻化工大学,1,不限,483,35931
1344,河北工程大学科信学院,1,不限,482,36158
1359,河北石油职业技术大学,2,物理,482,36158
2223,长春师范大学,1,历史(中外合办),482,36158
2322,黑龙江科技大学,2,物理＋化学,482,36158
3750,山东石油化工学院,1,不限,482,36158
4112,郑州轻工业大学,2,物理＋化学,482,36158
4322,衡阳师范学院,1,不限,482,36158
4331,湖南人文科技学院,1,不限,482,36158
1070,北京物资学院,1,物理(中外合办),481,36368
1076,北京联合大学,1,物理(中外合办),481,36368
1140,北京联合大学（京津冀职教改革项目）,1,不限,481,36368
1231,天津医科大学临床医学院,1,不限,481,36368
1411,吕梁学院,1,生物,481,36368
2114,沈阳农业大学,1,物理＋化学(中外合办),481,36368
2156,大连财经学院,1,不限,481,36368
2327,大庆师范学院,1,不限,481,36368
4121,郑州航空工业管理学院,1,物理,481,36368
4135,平顶山学院,1,不限,481,36368
4142,郑州工程技术学院,1,不限,481,36368
4323,湖南文理学院,1,不限,481,36368
6518,喀什大学,1,不限,481,36368
1235,北京科技大学天津学院,1,不限,480,36562
1365,河北金融学院,2,物理,480,36562
3636,赣南科技学院,1,不限,480,36562
3639,江西财经大学现代经济管理学院,1,不限,480,36562
4330,湖南城市学院,1,不限,480,36562
4443,岭南师范学院,2,历史,480,36562
5322,昆明医科大学海源学院,1,物理＋化学,480,36562
1076,北京联合大学,10,物理＋化学,479,36793
1238,天津外国语大学滨海外事学院,1,不限,479,36793
1350,北京中医药大学东方学院,1,不限,479,36793
1393,河北东方学院,1,不限,479,36793
2131,大连海洋大学,2,物理＋化学,479,36793
2326,齐齐哈尔大学,2,物理＋化学,479,36793
3240,金陵科技学院,2,物理＋化学,479,36793
3624,九江学院,2,物理,479,36793
4324,湖南科技学院,1,不限,479,36793
4327,湖南工程学院,1,不限,479,36793
6519,新疆政法学院,1,不限,479,36793
1066,北京印刷学院,3,物理＋化学,478,36997
1140,北京联合大学（京津冀职教改革项目）,2,物理,478,36997
1316,防灾科技学院,3,物理＋化学,478,36997
1411,吕梁学院,3,地理,478,36997
3531,集美大学诚毅学院,1,不限,478,36997
3620,井冈山大学,2,物理＋化学,478,36997
4134,河南城建学院,1,不限,478,36997
4326,长沙学院,2,物理＋化学,478,36997
4348,湖南文理学院芙蓉学院,1,不限,478,36997
6522,昌吉学院,1,不限,478,36997
1226,天津城建大学,2,物理＋化学,477,37194
1237,天津财经大学珠江学院,1,不限,477,37194
2120,大连民族大学,3,物理＋化学,477,37194
3640,江西农业大学南昌商学院,1,不限,477,37194
5140,电子科技大学成都学院,1,不限,477,37194
6514,新疆财经大学,1,不限,477,37194
6522,昌吉学院,2,思想政治,477,37194
1230,天津商业大学宝德学院,1,不限,476,37407
1235,北京科技大学天津学院,2,物理,476,37407
1349,燕京理工学院,2,物理＋化学,476,37407
1508,内蒙古艺术学院,1,不限,476,37407
2227,长春大学,2,物理＋化学,476,37407
3252,无锡太湖学院,1,不限,476,37407
3418,安徽建筑大学,2,物理,476,37407
3617,上饶师范学院,1,不限,476,37407
4129,南阳师范学院,2,物理,476,37407
4321,湖南理工学院,1,不限,476,37407
5132,攀枝花学院,1,不限,476,37407
5145,四川大学锦江学院,1,不限,476,37407
6517,塔里木大学,1,不限,476,37407
2240,长春人文学院,1,不限,475,37592
4133,郑州工商学院,1,不限,475,37592
4334,湖南第一师范学院,1,物理＋化学,475,37592
1234,天津理工大学中环信息学院,1,物理,474,37807
2156,大连财经学院,2,物理,474,37807
3271,南通大学杏林学院,1,物理＋化学,474,37807
3750,山东石油化工学院,2,物理＋化学,474,37807
6215,西北民族大学,3,物理＋化学,474,37807
6511,新疆农业大学,1,不限,474,37807
1084,北京城市学院,5,地理,473,38024
1222,天津职业技术师范大学,1,物理＋化学,473,38024
3778,齐鲁医药学院,2,物理＋化学,473,38024
4228,湖北汽车工业学院,1,物理＋化学,473,38024
4443,岭南师范学院,1,不限,473,38024
6220,甘肃政法大学,3,物理＋化学,473,38024
3740,山东交通学院,2,物理＋化学,472,38232
4321,湖南理工学院,2,物理,472,38232
1348,保定理工学院,1,不限,471,38445
1422,山西晋中理工学院,1,不限,471,38445
2228,吉林工商学院,2,物理＋化学,471,38445
4149,郑州财经学院,1,不限,471,38445
4440,珠海科技学院,1,不限,471,38445
3726,青岛农业大学,1,物理＋化学,470,38635
4340,长沙医学院,1,物理＋化学,470,38635
3633,南昌交通学院,1,不限,469,38791
4149,郑州财经学院,2,物理,469,38791
4260,武汉城市学院,2,化学,469,38791
4421,广东海洋大学,3,物理＋化学＋生物,469,38791
5146,西南财经大学天府学院,1,不限,469,38791
6145,西安科技大学高新学院,1,不限,469,38791
6146,西安交通大学城市学院,1,不限,469,38791
1231,天津医科大学临床医学院,3,物理＋化学,468,38997
1353,沧州交通学院,1,不限,468,38997
2237,长春财经学院,1,不限,468,38997
3753,青岛农业大学海都学院,1,不限,468,38997
1236,天津仁爱学院,1,不限,467,39203
1317,华北科技学院,2,物理＋化学,467,39203
1341,华北理工大学轻工学院,1,不限,467,39203
4620,三亚学院,1,不限,467,39203
6145,西安科技大学高新学院,2,物理,467,39203
1346,河北地质大学华信学院,1,不限,466,39390
3630,南昌理工学院,1,不限,466,39390
4620,三亚学院,2,物理,466,39390
6514,新疆财经大学,2,物理,466,39390
5324,昆明理工大学津桥学院,1,不限,465,39590
1385,河北外国语学院,2,化学,464,39774
2126,辽宁石油化工大学,1,物理＋化学,464,39774
4229,湖北工程学院,1,物理＋化学,464,39774
6304,青海理工学院,1,物理,464,39774
1068,北京石油化工学院,3,物理＋化学,463,39971
6521,新疆和田学院,2,思想政治,463,39971
1385,河北外国语学院,1,不限,462,40150
1411,吕梁学院,4,物理＋化学,462,40150
1421,山西工学院,2,物理＋化学,462,40150
3518,泉州师范学院,1,物理＋化学,462,40150
4260,武汉城市学院,1,不限,462,40150
1109,首钢工学院,1,物理＋化学,461,40318
4256,湖北医药学院药护学院,1,物理＋化学,461,40318
4259,武汉华夏理工学院,1,不限,461,40318
5040,重庆城市科技学院,2,物理,461,40318
6140,西安培华学院,1,不限,461,40318
4541,桂林航天工业学院,2,物理＋化学,460,40513
5040,重庆城市科技学院,1,不限,460,40513
6521,新疆和田学院,1,不限,460,40513
6524,新疆科技学院,1,不限,460,40513
2223,长春师范大学,2,物理＋化学(中外合办),459,40716
4261,三峡大学科技学院,1,物理＋化学,459,40716
1502,内蒙古科技大学,2,物理＋化学,458,40890
2225,长春工程学院,1,物理＋化学,458,40890
3640,江西农业大学南昌商学院,2,物理,458,40890
1076,北京联合大学,2,物理＋化学(中外合办),457,41072
2239,长春科技学院,1,物理＋生物,457,41072
4440,珠海科技学院,2,物理＋化学,457,41072
4353,湖南工学院,1,物理＋化学,456,41255
3650,江西科技学院,1,不限,455,41428
2155,锦州医科大学医疗学院,2,物理＋化学,454,41604
4135,平顶山学院,2,物理＋化学,453,41804
5152,成都东软学院,1,不限,453,41804
1084,北京城市学院,1,不限,452,41971
2238,长春建筑学院,1,不限,452,41971
5042,重庆外语外事学院,1,不限,452,41971
1084,北京城市学院,2,不限,451,42145
1084,北京城市学院,4,化学,451,42145
1350,北京中医药大学东方学院,4,物理＋化学,450,42314
2150,辽宁对外经贸学院,1,不限,450,42314
1084,北京城市学院,3,物理,449,42480
5320,丽江文化旅游学院,1,不限,449,42480
2243,长春中医药大学,1,物理＋化学,448,42678
3633,南昌交通学院,2,物理＋化学,448,42678
1076,北京联合大学,11,物理＋化学,447,42846
1092,北京邮电大学世纪学院,2,物理,447,42846
2218,吉林建筑大学,1,物理＋化学,447,42846
3746,齐鲁工业大学,1,物理＋化学,447,42846
1092,北京邮电大学世纪学院,1,不限,445,43183
2340,黑龙江外国语学院,1,不限,445,43183
1234,天津理工大学中环信息学院,2,物理＋化学,444,43369
1321,河北建筑工程学院,3,物理＋化学,444,43369
1333,廊坊师范学院,3,物理＋化学,444,43369
3152,上海师范大学天华学院,1,不限,444,43369
6514,新疆财经大学,3,物理＋化学,443,43530
5139,吉利学院,2,物理,441,43853
1140,北京联合大学（京津冀职教改革项目）,3,物理＋化学,440,44020
3635,南昌航空大学科技学院,1,物理＋化学,438,44347
6143,西安工商学院,1,物理,438,44347
5139,吉利学院,1,不限,437,44503
5152,成都东软学院,2,物理＋化学,436,44652
1069,北京农学院,5,物理＋化学,435,44789
1093,北京工业大学耿丹学院,1,不限,435,44789
2164,辽宁何氏医学院,1,物理＋化学,435,44789
4115,中原工学院,1,物理＋化学(中外合办),435,44789
4134,河南城建学院,2,物理＋化学,435,44789
6140,西安培华学院,2,物理＋化学,435,44789
1065,北京服装学院,2,物理＋化学,434,44923
1069,北京农学院,2,物理＋化学(中外合办),434,44923
1084,北京城市学院,6,物理＋化学,434,44923
1090,首都师范大学科德学院,1,不限,434,44923
1090,首都师范大学科德学院,2,物理＋化学,434,44923
1091,北京金融科技学院,1,不限,434,44923
1091,北京金融科技学院,2,物理,434,44923
1091,北京金融科技学院,3,物理＋化学,434,44923
1092,北京邮电大学世纪学院,3,物理＋化学,434,44923
1093,北京工业大学耿丹学院,2,物理,434,44923
1093,北京工业大学耿丹学院,3,物理＋化学,434,44923
1095,北京第二外国语学院中瑞酒店管理学院,1,不限,434,44923
1235,北京科技大学天津学院,4,物理＋化学,434,44923
1236,天津仁爱学院,2,物理＋化学,434,44923
1344,河北工程大学科信学院,2,物理＋化学,434,44923
1345,石家庄铁道大学四方学院,3,物理＋化学,434,44923
1348,保定理工学院,2,物理＋化学,434,44923
1353,沧州交通学院,2,物理＋化学,434,44923
1389,河北环境工程学院,1,物理＋化学,434,44923
1393,河北东方学院,2,物理＋化学,434,44923
1406,山西师范大学,2,物理＋化学,434,44923
1410,山西农业大学,2,物理＋化学＋生物,434,44923
1422,山西晋中理工学院,2,物理＋化学,434,44923
1436,山西传媒学院,1,物理＋化学,434,44923
2151,沈阳工学院,1,物理＋化学,434,44923
2159,大连东软信息学院,1,物理＋化学,434,44923
2160,大连理工大学城市学院,1,物理＋化学,434,44923
2236,长春电子科技学院,1,物理＋化学,434,44923
2238,长春建筑学院,2,物理＋化学,434,44923
2241,吉林建筑科技学院,1,物理＋化学,434,44923
2320,黑龙江大学,2,物理＋化学,434,44923
2343,哈尔滨华德学院,1,物理＋化学,434,44923
3152,上海师范大学天华学院,2,物理＋化学,434,44923
3153,上海立达学院,1,不限,434,44923
3153,上海立达学院,2,物理,434,44923
3153,上海立达学院,3,物理＋化学,434,44923
3255,南京航空航天大学金城学院,1,物理＋化学,434,44923
3330,浙江传媒学院,5,物理＋化学,434,44923
3630,南昌理工学院,2,物理＋化学,434,44923
3650,江西科技学院,2,物理＋化学,434,44923
3665,南昌工学院,1,物理＋化学,434,44923
4113,河南工业大学,1,物理＋化学(中外合办),434,44923
4142,郑州工程技术学院,2,物理＋化学,434,44923
4144,洛阳理工学院,2,物理＋化学,434,44923
4149,郑州财经学院,3,物理＋化学,434,44923
4252,武昌理工学院,1,物理＋化学,434,44923
4257,文华学院,1,物理＋化学,434,44923
4259,武汉华夏理工学院,2,物理＋化学,434,44923
4444,华南农业大学珠江学院,1,不限,434,44923
4638,海南比勒费尔德应用科学大学,1,物理＋化学,434,44923
5040,重庆城市科技学院,3,物理＋化学,434,44923
5103,四川传媒学院,1,物理＋化学,434,44923
5139,吉利学院,3,物理＋化学,434,44923
5140,电子科技大学成都学院,2,物理＋化学,434,44923
5324,昆明理工大学津桥学院,2,物理＋化学,434,44923
6141,西安建筑科技大学华清学院,1,物理＋化学,434,44923
6159,西安思源学院,1,物理＋化学,434,44923
6218,西北师范大学,1,物理＋化学(中外合办),434,44923
6218,西北师范大学,4,物理＋化学,434,44923
6304,青海理工学院,2,物理＋化学,434,44923
6511,新疆农业大学,2,物理＋化学,434,44923
6513,伊犁师范大学,1,物理＋化学,434,44923
6517,塔里木大学,2,物理＋化学,434,44923
6518,喀什大学,3,物理＋化学,434,44923
6519,新疆政法学院,2,物理＋化学,434,44923
6521,新疆和田学院,3,物理＋化学,434,44923
6522,昌吉学院,3,物理＋化学,434,44923
6523,新疆理工学院,1,物理＋化学,434,44923
